DATUM,STAVKE_NA_KOMIS_NALOGU,KOMIS_NALOG
2019-06-01,2220,264
2019-06-03,4087,439.2
2019-06-04,1427,90.6
2019-06-05,3501,320.8
2019-06-06,3460,350.2
2019-06-07,3672,406.6
2019-06-08,1785,180
2019-06-10,4906,519.2
2019-06-11,834,38.8
2019-06-12,4066,304
2019-06-13,4686,424.2
2019-06-14,4423,420.8
2019-06-15,4272,357.6
2019-06-17,5131,549.6
2019-06-18,810,68.4
2019-06-19,4607,327.6
2019-06-20,5006,406.8
2019-06-21,4377,452.4
2019-06-22,2018,229.2
2019-06-24,5272,540.4
2019-06-25,945,65.8
2019-06-26,4246,380.8
2019-06-27,4728,465.6
2019-06-28,3418,329.6
2019-06-29,2294,285.6
2019-07-01,4726,569.6
2019-07-02,1022,83.4
2019-07-03,3563,334
2019-07-04,4023,370.4
2019-07-05,2574,296.2
2019-07-06,3329,231.6
2019-07-08,3194,462.8
2019-07-09,440,33.2
2019-07-10,2793,291.4
2019-07-11,6279,366.4
2019-07-12,8132,427
2019-07-13,1485,177.6
2019-07-15,3188,377.8
2019-07-16,625,44
2019-07-17,3142,241.4
2019-07-18,2061,197.8
2019-07-19,5576,432.6
2019-07-20,3865,400.8
2019-07-22,6932,661.2
2019-07-23,2084,192.6
2019-07-24,4492,373.2
2019-07-25,3799,300.8
2019-07-26,3920,437.8
2019-07-27,2189,253.2
2019-07-29,5780,681.2
2019-07-30,694,38
2019-07-31,2795,283
2019-08-01,3539,345.2
2019-08-02,3383,319.8
2019-08-03,2165,205.2
2019-08-05,6143,635.4
2019-08-06,598,31
2019-08-07,3998,306
2019-08-08,4483,357.8
2019-08-09,4082,397.2
2019-08-10,3254,338.4
2019-08-12,4694,457.6
2019-08-13,568,32.2
2019-08-14,4021,280.8
2019-08-15,4411,323.2
2019-08-16,4396,313
2019-08-17,2453,243.6
2019-08-19,6865,677
2019-08-20,872,45.4
2019-08-21,4049,290
2019-08-22,3704,295.8
2019-08-23,2961,282.2
2019-08-24,4632,487.2
2019-08-26,5896,577.8
2019-08-27,4044,360.8
2019-08-28,4021,363.8
2019-08-29,4068,426.2
2019-08-30,2963,263.8
2019-08-31,3050,364.8
2019-09-02,5571,595.6
2019-09-03,1197,95.6
2019-09-04,3575,285
2019-09-05,3970,307
2019-09-06,2601,251.2
2019-09-07,4010,404.4
2019-09-09,4798,482
2019-09-10,2311,227
2019-09-11,3443,359
2019-09-12,3949,406.8
2019-09-13,3704,414.4
2019-09-14,1690,204
2019-09-16,4933,567.4
2019-09-17,1240,44
2019-09-18,4069,370.6
2019-09-19,4478,430.8
2019-09-20,3742,380
2019-09-21,3755,420
2019-09-23,6047,606
2019-09-24,652,60
2019-09-25,3766,345.8
2019-09-26,6169,459.8
2019-09-27,4735,469.4
2019-09-28,3291,356.4
2019-09-30,6685,642
2019-10-01,413,35.2
2019-10-02,3952,342
2019-10-03,3874,393
2019-10-04,3942,418.6
2019-10-05,3342,321.6
2019-10-07,4704,524.2
2019-10-08,713,38.2
2019-10-09,5461,389.2
2019-10-10,5471,397.6
2019-10-11,5004,407.8
2019-10-12,2421,235.2
2019-10-14,6329,618.4
2019-10-15,921,53.2
2019-10-16,4609,372
2019-10-17,6227,431
2019-10-18,4846,446.2
2019-10-19,2786,297.6
2019-10-21,5923,578.4
2019-10-22,964,78.8
2019-10-23,3386,307
2019-10-24,6444,580.6
2019-10-25,4994,471.4
2019-10-26,2787,302.4
2019-10-28,5510,568.2
2019-10-29,1571,53
2019-10-30,4365,383.8
2019-10-31,5053,415.6
2019-11-01,4666,381
2019-11-02,2051,261.6
2019-11-04,3935,445.6
2019-11-05,732,52.6
2019-11-06,3930,305.8
2019-11-07,5317,457.4
2019-11-08,4581,398.6
2019-11-09,3138,330
2019-11-12,7418,691.8
2019-11-13,1670,135.8
2019-11-14,4291,389.6
2019-11-15,5179,480
2019-11-16,2420,284.4
2019-11-18,6219,606.2
2019-11-19,940,41.4
2019-11-20,5096,421.4
2019-11-21,5946,475.2
2019-11-22,5457,545.6
2019-11-23,2477,240
2019-11-25,7559,776
2019-11-26,570,41.4
2019-11-27,4971,428.6
2019-11-28,5596,493.2
2019-11-29,4763,511.8
2019-11-30,1882,242.4
2019-12-01,6,1.2
2019-12-02,5017,602
2019-12-03,790,38.4
2019-12-04,4123,378
2019-12-05,4484,414.6
2019-12-06,5300,451
2019-12-07,1991,190.8
2019-12-09,6690,675.6
2019-12-10,952,60.8
2019-12-11,5447,413.6
2019-12-12,5946,448
2019-12-13,5685,515
2019-12-14,2980,264
2019-12-16,7657,770.6
2019-12-17,1116,77.8
2019-12-18,5213,432
2019-12-19,6019,422.8
2019-12-20,6762,543.8
2019-12-21,2150,244.8
2019-12-23,9325,843.4
2019-12-24,1294,76
2019-12-25,6858,401.8
2019-12-26,7888,391.4
2019-12-27,3957,175.4
2019-12-28,3117,348
2019-12-29,65,8.4
2019-12-30,7754,640.8
2019-12-31,110,9.6
2020-01-10,31,8
2020-01-11,3,2.4
2020-01-13,4139,353.8
2020-01-14,710,47.8
2020-01-15,5219,389.8
2020-01-16,5662,418.8
2020-01-17,6037,446.6
2020-01-18,2989,249.6
2020-01-20,6677,697
2020-01-21,832,59.8
2020-01-22,4151,379.4
2020-01-23,4396,448.8
2020-01-24,4362,480.6
2020-01-25,1270,144
2020-01-27,5457,595.6
2020-01-28,719,49
2020-01-29,3724,336.8
2020-01-30,4722,451
2020-01-31,4355,493.4
2020-02-01,1797,192
2020-02-03,4743,561.4
2020-02-04,468,35.2
2020-02-05,3144,272.2
2020-02-06,4635,491.2
2020-02-07,4239,479.2
2020-02-08,1347,160.8
2020-02-10,4781,526.2
2020-02-11,782,53.6
2020-02-12,4153,380.4
2020-02-13,4448,440.4
2020-02-14,4030,505.6
2020-02-18,5417,583.4
2020-02-19,4245,440
2020-02-20,4210,426.6
2020-02-21,4804,497.4
2020-02-22,1281,138
2020-02-24,5578,622.6
2020-02-25,647,27.6
2020-02-26,5008,442.6
2020-02-27,5502,492.4
2020-02-28,4985,560.8
2020-02-29,1882,210
2020-03-01,115,6
2020-03-02,5480,611.2
2020-03-03,436,26.8
2020-03-04,4131,378
2020-03-05,5050,475.8
2020-03-06,4877,525.6
2020-03-07,1518,152.4
2020-03-09,5636,621.8
2020-03-10,504,23.6
2020-03-11,4715,395.2
2020-03-12,5608,509
2020-03-13,4554,481.6
2020-03-14,2435,210
2020-03-16,7178,726.8
2020-03-17,487,25
2020-03-18,4932,404.2
2020-03-19,5317,428.4
2020-03-20,4012,406.8
2020-03-21,1439,180
2020-03-23,4276,436.8
2020-03-24,357,21.2
2020-03-25,2659,275.8
2020-03-26,2765,283
2020-03-27,2587,280.4
2020-03-28,866,82.8
2020-03-29,37,1.2
2020-03-30,3519,387.4
2020-03-31,371,22.8
2020-04-01,2377,211
2020-04-02,2476,201
2020-04-03,2518,249.8
2020-04-04,897,120
2020-04-06,3035,361.2
2020-04-07,308,17.6
2020-04-08,2779,269.6
2020-04-09,3017,300.8
2020-04-10,3172,361.8
2020-04-11,1120,132
2020-04-13,4482,520.2
2020-04-14,374,18.8
2020-04-15,2869,301.2
2020-04-16,3704,349.8
2020-04-21,3143,351.4
2020-04-22,3513,426
2020-04-23,2623,246.4
2020-04-24,3286,303.4
2020-04-25,1333,154.8
2020-04-27,5253,529.2
2020-04-28,452,29
2020-04-29,4604,371.6
2020-04-30,4038,358.8
2020-05-01,9,1.2
2020-05-04,3180,388.6
2020-05-05,2398,322.8
2020-05-06,3092,285.8
2020-05-07,3760,384.2
2020-05-08,3231,310.8
2020-05-09,1017,108
2020-05-11,5086,587.8
2020-05-12,250,16.8
2020-05-13,3478,321
2020-05-14,4288,381.6
2020-05-15,3914,452.4
2020-05-16,1296,190.8
2020-05-18,5123,576
2020-05-19,379,20
2020-05-20,3349,352.2
2020-05-21,4527,429.6
2020-05-22,3993,441.6
2020-05-23,1384,184.2
2020-05-25,5922,665.8
2020-05-26,446,16.8
2020-05-27,4102,339.4
2020-05-28,4798,402
2020-05-29,4291,443.8
2020-05-30,1697,198
2020-06-01,3247,430.2
2020-06-02,341,14
2020-06-03,2900,274
2020-06-04,3455,373.2
2020-06-05,3776,430.2
2020-06-06,1154,162
2020-06-08,5303,587.2
2020-06-09,370,32
2020-06-10,4152,362
2020-06-11,5600,467.6
2020-06-12,4505,464.4
2020-06-13,1458,136.8
2020-06-15,5495,626.2
2020-06-16,428,20.4
2020-06-17,3980,384
2020-06-18,4852,471.2
2020-06-19,4238,452.4
2020-06-20,2175,238.8
2020-06-22,5496,571.2
2020-06-23,564,35.6
2020-06-24,4230,366.6
2020-06-25,4830,419.2
2020-06-26,4139,432
2020-06-27,1457,175.2
2020-06-29,4527,554.4
2020-06-30,426,38.8
2020-07-01,2741,277.8
2020-07-02,3130,302.2
2020-07-03,3110,375.6
2020-07-04,1260,151.2
2020-07-06,4209,502.4
2020-07-07,367,28
2020-07-08,3221,327.6
2020-07-09,4005,392
2020-07-10,3807,442.6
2020-07-11,1242,162
2020-07-13,2473,313
2020-07-14,182,18
2020-07-15,3932,424.2
2020-07-16,4469,431.2
2020-07-17,3371,388.4
2020-07-18,1874,213.6
2020-07-20,4184,460.6
2020-07-21,391,23.6
2020-07-22,3310,314.4
2020-07-23,3660,366
2020-07-24,3596,421.2
2020-07-25,811,122.4
2020-07-27,5218,579.8
2020-07-28,517,28.6
2020-07-29,3753,368.8
2020-07-30,3797,365.2
2020-07-31,3539,373.2
2020-08-01,851,91.2
2020-08-03,2962,385.2
2020-08-04,473,25.8
2020-08-05,2865,303.6
2020-08-06,3799,398.4
2020-08-07,2935,370.8
2020-08-08,924,138
2020-08-10,4080,541.2
2020-08-11,453,31
2020-08-12,3428,364.8
2020-08-13,4258,423
2020-08-14,3326,399.6
2020-08-15,778,109.2
2020-08-17,4842,588
2020-08-18,489,28.8
2020-08-19,4054,393.6
2020-08-20,4762,470.8
2020-08-21,4107,496.4
2020-08-22,1578,213.6
2020-08-24,4759,606.2
2020-08-25,434,30.4
2020-08-26,3657,396.8
2020-08-27,3907,434
2020-08-28,3592,417
2020-08-29,926,110.4
2020-08-31,5341,557.6
2020-09-01,301,24.4
2020-09-02,2924,268.4
2020-09-03,3769,347.6
2020-09-04,3650,352.8
2020-09-05,1462,187.2
2020-09-07,4776,552
2020-09-08,423,21.2
2020-09-09,3903,360.2
2020-09-10,4179,437.2
2020-09-11,3489,405.4
2020-09-12,1099,129.6
2020-09-14,5527,591.6
2020-09-15,416,22.8
2020-09-16,4333,405.6
2020-09-17,5007,480
2020-09-18,3652,446.2
2020-09-19,1741,231.4
2020-09-21,6120,735.8
2020-09-22,555,51.6
2020-09-23,4091,366.8
2020-09-24,4610,454.8
2020-09-25,3511,432.4
2020-09-26,1298,176.4
2020-09-28,5263,650
2020-09-29,415,22.2
2020-09-30,3573,392.8
2020-10-01,3713,369.4
2020-10-02,2857,337.8
2020-10-03,1569,196.8
2020-10-05,4934,570.6
2020-10-06,373,18.8
2020-10-07,3786,341
2020-10-08,4560,418.8
2020-10-09,4049,436.8
2020-10-10,1069,129.6
2020-10-12,5770,694.2
2020-10-13,528,128.8
2020-10-14,4310,385.8
2020-10-15,4824,472.2
2020-10-16,4337,451.4
2020-10-17,1699,202.8
2020-10-19,6024,645.2
2020-10-20,505,40
2020-10-21,4156,349.6
2020-10-22,5201,428.2
2020-10-23,4385,468.6
2020-10-24,1431,150
2020-10-26,5564,614.8
2020-10-27,444,23.2
2020-10-28,4576,383.2
2020-10-29,5204,414
2020-10-30,4307,429.2
2020-10-31,1785,216
2020-11-02,4476,496
2020-11-03,513,37
2020-11-04,4101,354
2020-11-05,4471,418.6
2020-11-06,4116,438.6
2020-11-07,1288,135.6
2020-11-09,5563,619.8
2020-11-10,711,46.2
2020-11-11,4047,360
2020-11-12,5146,435.2
2020-11-13,4224,454.2
2020-11-14,2019,253.2
2020-11-16,6150,639.2
2020-11-17,479,15.2
2020-11-18,4195,373.6
2020-11-19,4482,401.6
2020-11-20,4149,404
2020-11-21,870,90
2020-11-23,4757,533.6
2020-11-24,663,39.6
2020-11-25,3937,356.2
2020-11-26,4448,424.6
2020-11-27,4176,438.2
2020-11-28,2764,236.4
2020-11-30,6037,607.4
2020-12-01,476,27.2
2020-12-02,3065,286.8
2020-12-03,3509,334.4
2020-12-04,4097,360
2020-12-05,986,108
2020-12-07,4551,519
2020-12-08,562,30
2020-12-09,4246,331.2
2020-12-10,5213,405.6
2020-12-11,4617,454
2020-12-12,1797,207.6
2020-12-14,6203,639.6
2020-12-15,480,22.4
2020-12-16,5434,430.2
2020-12-17,5812,413.8
2020-12-18,5001,504
2020-12-19,1180,110.4
2020-12-21,6558,622.8
2020-12-22,755,21.2
2020-12-23,6235,417.6
2020-12-24,7383,452.2
2020-12-25,6038,432
2020-12-26,2288,229.2
2020-12-28,8402,773.8
2020-12-29,647,28.4
2020-12-30,3816,353.4
2020-12-31,2380,254.4
2021-01-05,4,2.4
2021-01-06,401,50.2
2021-01-08,1726,180
2021-01-09,62,4.8
2021-01-11,323,41.4
2021-01-12,221,20.2
2021-01-13,3339,256.6
2021-01-14,4967,369.6
2021-01-15,4901,457.2
2021-01-16,1884,189.6
2021-01-18,6878,625
2021-01-19,520,19
2021-01-20,3326,314.4
2021-01-21,4076,376.4
2021-01-22,3393,374.4
2021-01-23,1027,96
2021-01-25,5166,588.6
2021-01-26,435,34.4
2021-01-27,4003,371.4
2021-01-28,4296,400
2021-01-29,4152,425.2
2021-01-30,1661,190.8
2021-02-01,4111,506.4
2021-02-02,387,17
2021-02-03,3449,328.2
2021-02-04,3720,336.8
2021-02-05,3503,424
2021-02-06,907,121.2
2021-02-08,4770,581.2
2021-02-09,427,31.2
2021-02-10,3882,394.4
2021-02-11,4867,440.6
2021-02-12,3695,463.2
2021-02-13,1648,216
2021-02-15,3,1.2
2021-02-17,5325,628.8
2021-02-18,2179,183.6
2021-02-19,4026,364.4
2021-02-20,912,124.8
2021-02-22,5649,606.8
2021-02-23,432,19.2
2021-02-24,4643,415.2
2021-02-25,5227,449.6
2021-02-26,3929,451.2
2021-02-27,1580,199.2
2021-03-01,3820,500.2
2021-03-02,289,15.4
2021-03-03,3214,327.6
2021-03-04,4229,388.8
2021-03-05,3449,416.8
2021-03-06,813,112.8
2021-03-08,5136,565
2021-03-09,540,31
2021-03-10,3353,344
2021-03-11,4407,423.4
2021-03-12,3892,392.2
2021-03-13,1719,210
2021-03-15,4928,565.6
2021-03-16,355,39.6
2021-03-17,3966,340.8
2021-03-18,4210,359.2
2021-03-19,4045,403.2
2021-03-20,1381,140.4
2021-03-22,4993,577
2021-03-23,433,30.2
2021-03-24,4258,373.2
2021-03-25,4110,400.6
2021-03-26,3557,427.2
2021-03-27,1703,208.8
2021-03-29,5344,593.6
2021-03-30,584,42.6
2021-03-31,3586,355.8
2021-04-01,3922,364.6
2021-04-02,2962,351.4
2021-04-03,689,87.6
2021-04-05,4118,495.2
2021-04-06,425,22.6
2021-04-07,3598,307.8
2021-04-08,4238,387.4
2021-04-09,3563,368.4
2021-04-10,1137,147.6
2021-04-12,5030,540
2021-04-13,423,15.2
2021-04-14,4180,362.6
2021-04-15,4316,386.4
2021-04-16,4279,437.6
2021-04-17,2022,238.8
2021-04-19,4538,540.2
2021-04-20,447,20.8
2021-04-21,3768,323.6
2021-04-22,5195,422.2
2021-04-23,4056,374.4
2021-04-24,1339,123.6
2021-04-26,6949,706
2021-04-27,630,24.4
2021-04-28,4375,399.6
2021-04-29,4269,390
2021-04-30,2333,300
2021-05-04,88,1.2
2021-05-05,395,10.8
2021-05-06,1497,175.8
2021-05-07,2255,257.2
2021-05-08,1164,170.4
2021-05-10,3569,433.2
2021-05-11,289,17.8
2021-05-12,3178,344.4
2021-05-13,3602,383.8
2021-05-14,3173,433.6
2021-05-15,784,116.4
2021-05-17,4250,582
2021-05-18,374,19.8
2021-05-19,3260,379
2021-05-20,3728,426.6
2021-05-21,3329,434.6
2021-05-22,1068,168
2021-05-24,4342,578.6
2021-05-25,354,31.2
2021-05-26,3090,331.2
2021-05-27,3772,415.6
2021-05-28,3014,414.6
2021-05-29,910,134.4
2021-05-31,3737,507.4
2021-06-01,376,17.6
2021-06-02,2297,273.2
2021-06-03,2695,361
2021-06-04,2532,390
2021-06-05,668,112.8
2021-06-07,3252,490.4
2021-06-08,319,12.6
2021-06-09,2864,322.6
2021-06-10,3260,378.6
2021-06-11,2869,399.4
2021-06-12,1310,237.6
2021-06-14,3775,520.4
2021-06-15,439,23.8
2021-06-16,3590,382.4
2021-06-17,3988,436.6
2021-06-18,2868,424.6
2021-06-19,768,111.6
2021-06-21,3851,581.2
2021-06-22,698,24.6
2021-06-23,3005,321.6
2021-06-24,3013,383.6
2021-06-25,2642,399.2
2021-06-26,806,150
2021-06-28,3624,578.4
2021-06-29,408,16.6
2021-06-30,2678,379
2021-07-01,2254,304.6
2021-07-02,2120,294.6
2021-07-03,619,104.4
2021-07-05,3156,477.6
2021-07-06,313,16.8
2021-07-07,2698,309.2
2021-07-08,3335,386.2
2021-07-09,2774,407.6
2021-07-10,605,105.6
2021-07-12,2879,474.6
2021-07-13,146,8.8
2021-07-14,2834,329.8
2021-07-15,3292,379.2
2021-07-16,2559,355.2
2021-07-17,1414,218.4
2021-07-19,4269,568.8
2021-07-20,344,20.4
2021-07-21,3182,356.2
2021-07-22,3364,366.6
2021-07-23,2855,403.6
2021-07-24,685,98.4
2021-07-26,3798,513.2
2021-07-27,460,32
2021-07-28,2786,300
2021-07-29,3264,376.8
2021-07-30,3001,351.4
2021-07-31,404,67.2
2021-08-02,3020,470.2
2021-08-03,363,20.2
2021-08-04,2276,283.2
2021-08-05,3053,354
2021-08-06,2797,343.2
2021-08-07,926,147.6
2021-08-09,4093,526
2021-08-10,375,20.2
2021-08-11,3108,355
2021-08-12,3438,381.2
2021-08-13,2730,329.8
2021-08-14,690,105.6
2021-08-16,4220,572
2021-08-17,399,23.8
2021-08-18,3404,391.8
2021-08-19,3850,436.8
2021-08-20,4094,507.4
2021-08-21,1440,222
2021-08-23,5042,671.8
2021-08-24,486,41
2021-08-25,3993,435
2021-08-26,4358,459
2021-08-27,3657,428.6
2021-08-28,736,114
2021-08-30,2897,342.6
2021-08-31,734,63.6
2021-09-01,2352,246.8
2021-09-02,3858,461.2
2021-09-03,3407,489.8
2021-09-04,1652,249.6
2021-09-06,4062,564.4
2021-09-07,919,138
2021-09-08,2533,385.4
2021-09-09,2604,379
2021-09-10,2348,365.4
2021-09-11,642,111.6
2021-09-13,3324,499.8
2021-09-14,411,26.6
2021-09-15,3463,435.4
2021-09-16,3796,446.2
2021-09-17,2450,328.8
2021-09-18,1289,206.4
2021-09-20,5742,804
2021-09-21,569,76.8
2021-09-22,3310,377.8
2021-09-23,3789,444
2021-09-24,3473,415
2021-09-25,750,122.4
2021-09-27,4812,637.2
2021-09-28,434,19.8
2021-09-29,3391,399.6
2021-09-30,2460,289
2021-10-01,1860,273.2
2021-10-02,1763,314.4
2021-10-04,4649,652
2021-10-05,489,37.4
2021-10-06,3491,389.6
2021-10-07,3383,358.4
2021-10-08,2909,380.8
2021-10-09,784,102
2021-10-11,4905,620.4
2021-10-12,424,24
2021-10-13,3765,398
2021-10-14,4071,412.4
2021-10-15,3044,391.2
2021-10-16,952,168
2021-10-18,3827,545.4
2021-10-19,449,28.6
2021-10-20,3277,365.2
2021-10-21,3923,430.4
2021-10-22,3075,396.8
2021-10-23,1131,157.2
2021-10-25,4621,622.4
2021-10-26,334,32.6
2021-10-27,3615,382.6
2021-10-28,3177,384.8
2021-10-29,3483,491.4
2021-10-30,1534,255.6
2021-11-01,3705,513.6
2021-11-02,355,12.8
2021-11-03,3004,331.6
2021-11-04,4427,449.2
2021-11-05,3218,428
2021-11-06,1046,135.6
2021-11-08,5075,636
2021-11-09,319,22.4
2021-11-10,3888,442
2021-11-11,4324,416.4
2021-11-12,3955,480.4
2021-11-13,1223,176.4
2021-11-15,4420,565.8
2021-11-16,433,40.6
2021-11-17,3412,401.2
2021-11-18,4263,415.2
2021-11-19,3837,463.4
2021-11-20,989,150
2021-11-21,6,1
2021-11-22,4526,650.4
2021-11-23,538,32.2
2021-11-24,3710,482.2
2021-11-25,4079,489.2
2021-11-26,3508,525
2021-11-27,1316,242.4
2021-11-29,4498,678.6
2021-11-30,493,24
2021-12-01,2876,360.8
2021-12-02,3380,371
2021-12-03,2657,326.6
2021-12-04,643,105.6
2021-12-06,4460,579.8
2021-12-07,498,19.6
2021-12-08,2976,354.6
2021-12-09,4076,437.6
2021-12-10,3180,413.4
2021-12-11,1799,252
2021-12-13,5773,665.2
2021-12-14,411,22.4
2021-12-15,4737,416.8
2021-12-16,4901,450.6
2021-12-17,3422,369.6
2021-12-18,1155,133.2
2021-12-20,6301,726.8
2021-12-21,546,41.6
2021-12-22,4256,432.4
2021-12-23,3908,364.6
2021-12-24,4622,507.8
2021-12-27,2915,356.2
2021-12-28,5190,545.8
2021-12-29,4587,554.6
2021-12-30,2963,343
2021-12-31,1378,207.6
2022-01-05,223,10.2
2022-01-06,1810,171.6
2022-01-07,10,1.2
2022-01-08,771,81.6
2022-01-10,2760,348
2022-01-11,470,29
2022-01-12,3183,299.6
2022-01-13,2745,234.6
2022-01-14,1885,180.6
2022-01-15,889,145.2
2022-01-17,2315,224
2022-01-18,419,30.8
2022-01-19,3876,363.4
2022-01-20,4292,459.6
2022-01-21,2600,296.8
2022-01-22,992,126
2022-01-24,5859,704.2
2022-01-25,480,23.8
2022-01-26,3292,342.6
2022-01-27,3477,358.6
2022-01-28,1873,194.8
2022-01-29,1775,282
2022-01-31,4318,552.2
2022-02-01,263,17.4
2022-02-02,3042,327
2022-02-03,3092,349
2022-02-04,2686,364
2022-02-05,545,85.2
2022-02-07,3934,520.4
2022-02-08,393,23.8
2022-02-09,3183,381.4
2022-02-10,3706,407.6
2022-02-11,3137,406
2022-02-12,1342,188.4
2022-02-14,5058,677.6
2022-02-15,30,1.2
2022-02-16,2968,338.4
2022-02-17,30,3.6
2022-02-18,4960,561.4
2022-02-19,996,147.6
2022-02-21,4334,579.2
2022-02-22,322,19.2
2022-02-23,3451,412.2
2022-02-24,3849,428.2
2022-02-25,3780,446
2022-02-26,1278,200.4
2022-02-28,5106,645.8
2022-03-01,539,36
2022-03-02,3281,350.4
2022-03-03,3184,313.2
2022-03-04,2164,225.6
2022-03-05,1420,171.6
2022-03-07,5591,759.6
2022-03-08,479,22.8
2022-03-09,2527,283.2
2022-03-10,1943,202.8
2022-03-11,2546,259.2
2022-03-12,2869,374.4
2022-03-14,3214,382.8
2022-03-15,1553,187.2
2022-03-16,2527,252
2022-03-17,2196,212.4
2022-03-18,2100,211.2
2022-03-19,2630,368.4
2022-03-21,3709,409.2
2022-03-22,2756,258
2022-03-23,2753,284.4
2022-03-24,3018,343.2
2022-03-25,2116,135.6
2022-03-26,2451,318
2022-03-28,3552,410.4
